{"metrics": {"precision": 0.5698924731182796, "accuracy": 0.58, "f1": 0.6272189349112426, "recall": 0.6973684210526315}, "confusion": [[34, 40], [23, 53]], "prcurve": {"precision": [0.5066666666666667, 0.5100671140939598, 0.5135135135135135, 0.5170068027210885, 0.5205479452054794, 0.5241379310344828, 0.5277777777777778, 0.5314685314685315, 0.5352112676056338, 0.5390070921985816, 0.5428571428571428, 0.5467625899280576, 0.5507246376811594, 0.5547445255474452, 0.5588235294117647, 0.562962962962963, 0.5671641791044776, 0.5714285714285714, 0.5757575757575758, 0.5801526717557252, 0.5846153846153846, 0.5891472868217055, 0.59375, 0.5984251968503937, 0.6031746031746031, 0.608, 0.6129032258064516, 0.6178861788617886, 0.6229508196721312, 0.628099173553719, 0.6333333333333333, 0.6386554621848739, 0.6440677966101694, 0.6495726495726496, 0.6551724137931034, 0.6608695652173913, 0.6666666666666666, 0.672566371681416, 0.6785714285714286, 0.6846846846846847, 0.6909090909090909, 0.6972477064220184, 0.7037037037037037, 0.7102803738317757, 0.7169811320754716, 0.7238095238095238, 0.7307692307692307, 0.7378640776699029, 0.7450980392156863, 0.7524752475247525, 0.76, 0.7676767676767676, 0.7755102040816326, 0.7835051546391752, 0.7916666666666666, 0.8, 0.8085106382978723, 0.8172043010752689, 0.8260869565217391, 0.8351648351648352, 0.8444444444444444, 0.8539325842696629, 0.8636363636363636, 0.8735632183908046, 0.8837209302325582, 0.8941176470588236, 0.9047619047619048, 0.9156626506024096, 0.926829268292683, 0.9382716049382716, 0.95, 0.9620253164556962, 0.9743589743589743, 0.987012987012987, 1.0, 1.0, 1.0, 1.0, 1.0, 1.0, 1.0, 1.0, 1.0, 1.0, 1.0, 1.0, 1.0, 1.0, 1.0, 1.0, 1.0, 1.0, 1.0, 1.0, 1.0, 1.0, 1.0, 1.0, 1.0, 1.0, 1.0, 1.0, 1.0, 1.0, 1.0, 1.0, 1.0, 1.0, 1.0, 1.0, 1.0, 1.0, 1.0, 1.0, 1.0, 1.0, 1.0, 1.0, 1.0, 1.0, 1.0, 1.0, 1.0, 1.0, 1.0, 1.0, 1.0, 1.0, 1.0, 1.0, 1.0, 1.0, 1.0, 1.0, 1.0, 1.0, 1.0, 1.0, 1.0, 1.0, 1.0, 1.0, 1.0, 1.0, 1.0, 1.0, 1.0, 1.0, 1.0, 1.0, 1.0], "recall": [1.0, 1.0, 1.0, 1.0, 1.0, 1.0, 1.0, 1.0, 1.0, 1.0, 1.0, 1.0, 1.0, 1.0, 1.0, 1.0, 1.0, 1.0, 1.0, 1.0, 1.0, 1.0, 1.0, 1.0, 1.0, 1.0, 1.0, 1.0, 1.0, 1.0, 1.0, 1.0, 1.0, 1.0, 1.0, 1.0, 1.0, 1.0, 1.0, 1.0, 1.0, 1.0, 1.0, 1.0, 1.0, 1.0, 1.0, 1.0, 1.0, 1.0, 1.0, 1.0, 1.0, 1.0, 1.0, 1.0, 1.0, 1.0, 1.0, 1.0, 1.0, 1.0, 1.0, 1.0, 1.0, 1.0, 1.0, 1.0, 1.0, 1.0, 1.0, 1.0, 1.0, 1.0, 1.0, 0.9868421052631579, 0.9736842105263158, 0.9605263157894737, 0.9473684210526315, 0.9342105263157895, 0.9210526315789473, 0.9078947368421053, 0.8947368421052632, 0.881578947368421, 0.868421052631579, 0.8552631578947368, 0.8421052631578947, 0.8289473684210527, 0.8157894736842105, 0.8026315789473685, 0.7894736842105263, 0.7763157894736842, 0.7631578947368421, 0.75, 0.7368421052631579, 0.7236842105263158, 0.7105263157894737, 0.6973684210526315, 0.6842105263157895, 0.6710526315789473, 0.6578947368421053, 0.6447368421052632, 0.631578947368421, 0.618421052631579, 0.6052631578947368, 0.5921052631578947, 0.5789473684210527, 0.5657894736842105, 0.5526315789473685, 0.5394736842105263, 0.5263157894736842, 0.5131578947368421, 0.5, 0.4868421052631579, 0.47368421052631576, 0.4605263157894737, 0.4473684210526316, 0.4342105263157895, 0.42105263157894735, 0.40789473684210525, 0.39473684210526316, 0.3815789473684211, 0.3684210526315789, 0.35526315789473684, 0.34210526315789475, 0.32894736842105265, 0.3157894736842105, 0.3026315789473684, 0.2894736842105263, 0.27631578947368424, 0.2631578947368421, 0.25, 0.23684210526315788, 0.2236842105263158, 0.21052631578947367, 0.19736842105263158, 0.18421052631578946, 0.17105263157894737, 0.15789473684210525, 0.14473684210526316, 0.13157894736842105, 0.11842105263157894, 0.10526315789473684, 0.09210526315789473, 0.07894736842105263, 0.06578947368421052, 0.05263157894736842, 0.039473684210526314, 0.02631578947368421, 0.013157894736842105, 0.0]}}